{"cameraMode":{"drawMode":0,"name":"Shaded","section":"Shading Mode"},"sceneLighting":false,"audioPlay":false,"sceneViewState":{"m_AlwaysRefresh":false,"showFog":true,"showSkybox":false,"showFlares":true,"showImageEffects":true,"showParticleSystems":true,"showVisualEffectGraphs":true,"m_FxEnabled":true},"in2DMode":false,"pivot":{"x":1.4000004529953004,"y":-0.1899999976158142,"z":4.100000381469727},"rotation":{"x":-0.060264792293310168,"y":0.021546650677919389,"z":-0.001298996969126165,"w":-0.9980803728103638},"size":3.7460312843322756,"orthographic":false}