{"cameraMode":{"drawMode":0,"name":"Shaded","section":"Shading Mode"},"sceneLighting":false,"audioPlay":false,"sceneViewState":{"m_AlwaysRefresh":false,"showFog":true,"showSkybox":false,"showFlares":true,"showImageEffects":true,"showParticleSystems":true,"showVisualEffectGraphs":true,"m_FxEnabled":true},"in2DMode":false,"pivot":{"x":1.0260145664215088,"y":-0.728752851486206,"z":-10.220874786376954},"rotation":{"x":-0.047798432409763339,"y":-0.9476430416107178,"z":0.17100971937179566,"w":-0.26563602685928347},"size":2.3024349212646486,"orthographic":false}