{"cameraMode":{"drawMode":0,"name":"Shaded","section":"Shading Mode"},"sceneLighting":false,"audioPlay":false,"sceneViewState":{"m_AlwaysRefresh":false,"showFog":true,"showSkybox":false,"showFlares":true,"showImageEffects":true,"showParticleSystems":true,"showVisualEffectGraphs":true,"m_FxEnabled":true},"in2DMode":false,"pivot":{"x":0.26478415727615359,"y":-0.10333111882209778,"z":0.16816267371177674},"rotation":{"x":-0.0314035639166832,"y":0.30964499711990359,"z":-0.010128673166036606,"w":-0.9503182768821716},"size":3.793823003768921,"orthographic":false}